{
    "cars": {
        "number": 30,
        "range": 350,
        "minuteDistance": 10
    },

    "area": [
        [
            [16.9662833, 52.4278848],
            [16.9547582, 52.4366793],
            [16.9560885, 52.4380005],
            [16.9591141, 52.4373465],
            [16.9628906, 52.4392432],
            [16.9626546, 52.4400803],
            [16.9651222, 52.4456784],
            [16.9537497, 52.4467247],
            [16.9572687, 52.4540218],
            [16.9573545, 52.4574738],
            [16.9598007, 52.4628605],
            [16.9603157, 52.4736841],
            [16.9410896, 52.4768209],
            [16.9337082, 52.4673053],
            [16.9162846, 52.469972],
            [16.912961, 52.4664861],
            [16.9011164, 52.4658586],
            [16.9024467, 52.4713488],
            [16.8956947, 52.4747211],
            [16.8879366, 52.4814909],
            [16.8910265, 52.4862997],
            [16.8810272, 52.4866655],
            [16.8793535, 52.4875018],
            [16.8677616, 52.4794928],
            [16.8541145, 52.4719123],
            [16.863327, 52.4612393],
            [16.8492508, 52.4529757],
            [16.8338013, 52.4445536],
            [16.8073654, 52.4407867],
            [16.8074512, 52.4328332],
            [16.7881393, 52.4359729],
            [16.7750931, 52.4364438],
            [16.7717457, 52.4204292],
            [16.7891693, 52.4161367],
            [16.8156052, 52.4127862],
            [16.8245316, 52.3919967],
            [16.813674, 52.3835368],
            [16.8130302, 52.3769091],
            [16.8034172, 52.3733984],
            [16.7996407, 52.3685249],
            [16.8076229, 52.3614611],
            [16.8290806, 52.3513846],
            [16.8469334, 52.3494972],
            [16.8484783, 52.3423138],
            [16.8679619, 52.3381186],
            [16.8731117, 52.3181859],
            [16.8859863, 52.3198648],
            [16.9019127, 52.3513497],
            [16.9428921, 52.3490253],
            [16.9443512, 52.3537437],
            [16.9488144, 52.3533244],
            [16.9519901, 52.3568367],
            [16.9480419, 52.35951],
            [16.9468832, 52.362026],
            [16.9549513, 52.3696254],
            [16.9760656, 52.3786644],
            [16.9828033, 52.3724028],
            [17.0103836, 52.3843081],
            [17.007122, 52.3910656],
            [17.0163631, 52.3927562],
            [17.0196676, 52.4015548],
            [17.0257092, 52.4077803],
            [17.0282459, 52.4092434],
            [17.0219588, 52.4116911],
            [16.9931889, 52.4106396],
            [16.9855499, 52.4221566],
            [16.9963741, 52.4255762],
            [16.993618, 52.4290129],
            [16.9791985, 52.4306091],
            [16.9776964, 52.4267363],
            [16.9662833, 52.4278848]
        ]
        
    ],

    "referencePoint": {"lat": 52.6913672, "lng": 16.9738770}
}